{
  "Character": {
    "ID": "AthenaCharacter:CID_VIP_Athena_Commando_M_GalileoGondola_SG",
    "Variants": [
      [
        {
          "variants": []
        }
      ]
    ]
  },
  "Backpack": {
    "ID": "BID_004_BlackKnight",
    "Variants": [
      {
        "variants": []
      }
    ]
  },
  "Glider": {
    "ID": "Glider_Warthog",
    "Variants": [
      {
        "variants": []
      }
    ]
  },
  "Pickaxe": {
    "ID": "AthenaPickaxe:Pickaxe_ID_376_FNCS",
    "Variants": [
      [
        {
          "variants": []
        }
      ]
    ]
  },
  "SkyDiveContrail": {
    "ID": null,
    "Variants": [
      {
        "variants": []
      }
    ]
  },
  "Dance": {
    "ID": [
      "AthenaDance:EID_PeelyBones",
      "AthenaDance:EID_SuckerPunch",
      "AthenaDance:EID_ProfessorPup",
      "AthenaDance:EID_MechPeely",
      "AthenaDance:EID_TnTina",
      "AthenaDance:EID_TripleScoop"
    ],
    "Variants": [
      [
        {
          "variants": []
        }
      ],
      [
        {
          "variants": []
        }
      ],
      [
        {
          "variants": []
        }
      ],
      [
        {
          "variants": []
        }
      ],
      [
        {
          "variants": []
        }
      ],
      [
        {
          "variants": []
        }
      ]
    ]
  },
  "ItemWrap": {
    "ID": [
      null,
      null,
      null,
      null,
      null
    ],
    "Variants": [
      {
        "variants": []
      },
      {
        "variants": []
      },
      {
        "variants": []
      },
      {
        "variants": []
      },
      {
        "variants": []
      }
    ]
  },
  "MusicPack": {
    "ID": "AthenaMusicPack:MusicPack_037_Extraterrestrial",
    "Variants": [
      [
        {
          "variants": []
        }
      ]
    ]
  },
  "LoadingScreen": {
    "ID": null,
    "Variants": [
      {
        "variants": []
      }
    ]
  },
  "BannerIconTemplate": "BRSeason01",
  "BannerColorTemplate": "DefaultColor1",
  "vbucks": 100000000,
  "level": 9999,
  "battlestars": 9999999,
  "alien_style_points": 696969,
  "favorites": {}
}